Calle,0
AUTOVIA A-2,14.351851851851851
AUTOVIA A-42,11.805555555555555
AUTOVIA A-5,8.333333333333334
CALLE DEL ABEJARUCO,5.555555555555555
CALLE DE ABIZANDA,8.333333333333334
AVENIDA DE ABRANTES,5.864197530864197
CALLE DE ABRIL,5.555555555555555
PASEO DE LAS ACACIAS,11.11111111111111
CALLE DE ACAMAR,13.88888888888889
CALLE DEL ACANTO,13.88888888888889
CA ACCESO A LA ESTACION DE AUTOBUSES DE LA E.M.T.,8.333333333333334
CARRETERA DE ACCESO A LA ESTACION DE O'DONNELL,5.555555555555555
CALLE DE ACEBEDO,8.333333333333334
CALLE DEL ACEBUCHE,11.11111111111111
CALLE DE ACEREIRO,5.555555555555555
CALLE DE ACONCAGUA,12.962962962962962
CALLE DE ADANERO,11.11111111111111
CALLE DE ADOLFO MARSILLACH,8.333333333333334
CALLE DE ADONIS,5.555555555555555
CALLE DE LA AERONAVE,5.555555555555555
CALLE DE AFUERAS A VALVERDE,13.015873015873014
CALLE DE AGASTIA,11.11111111111111
CALLE DE AGATHA CHRISTIE,8.885209713024281
CALLE DE LA AGUJA,5.555555555555555
CALLE DE AGUSTIN DE FOXA,11.11111111111111
CALLE DE LOS AHUMAOS,11.11111111111111
PASEO DE LOS ALABARDEROS,7.407407407407407
PASEO DE LA ALAMEDA DE OSUNA,6.481481481481481
CALLE DE ALBAIDA,7.407407407407407
CALLE DEL ALBARDIN,8.333333333333334
CARRETERA DEL ALBERGUE JUVENIL,6.349206349206349
CALLE DE ALBERTO AGUILERA,8.333333333333334
CALLE DE ALBERTO LEON PERALTA,5.555555555555555
CALLE DE ALBOX,13.88888888888889
AVENIDA DE LA ALBUFERA,11.11111111111111
CALLE DE ALCALA,12.82311111111111
CALLE DEL ALCALDE GARRIDO JUARISTI,5.555555555555555
CALLE DEL ALCALDE MARTIN DE ALZAGA,5.555555555555555
CALLE DEL ALCALDE SAINZ DE BARANDA,9.5679012345679
CALLE DE ALCOCER,10.875
CALLE DE ALCORISA,8.333333333333334
CALLE DE ALDEANUEVA DE LA VERA,8.333333333333334
CALLE DE ALEGRIA DE ORIA,5.555555555555556
AVENIDA DE ALEJANDRO DE LA SOTA,9.074074074074073
CALLE DE ALEJANDRO RODRIGUEZ,6.944444444444445
CALLE DE ALEJANDRO SANCHEZ,8.333333333333334
CALLE DEL ALERCE,7.718710089399744
CALLE DE ALFACAR,5.555555555555555
CALLE DE ALFONSO RODRIGUEZ CASTELAO,5.555555555555555
AVENIDA DE ALFONSO XIII,9.722222222222221
CALLE DE ALFREDO MARQUERIE,8.333333333333334
GLORIETA DE ALHABIA,5.555555555555555
CALLE DE LA ALHAMBRA,8.333333333333334
AVENIDA DE LOS ALHELIES,8.333333333333334
CALLE DE ALLARIZ,8.333333333333334
CALLE DE ALMANSA,8.333333333333334
CALLE DEL ALMANZORA,8.433433433433434
CALLE DE LAS ALMENAS,11.11111111111111
CALLE DE ALMOGIA,8.333333333333334
CALLE DE ALONSO QUIJANO,5.555555555555555
CALLE DE ALSASUA,13.88888888888889
CALLE DEL ALTO DEL ESPARRAGAL,11.11111111111111
CALLE DEL ALTO DEL RETIRO,10.555555555555555
CALLE DE ALZOLA,8.333333333333334
CALLE DE AMADEO GOMEZ,5.555555555555555
PLAZA DEL AMANECER EN MENDEZ ALVARO,5.555555555555555
CALLE DEL AMBAR,9.722222222222221
AVENIDA DE AMERICA,11.47342995169082
CALLE DE AMOREBIETA,5.555555555555555
CALLE DE AMPOSTA,5.555555555555555
CALLE DE AMURRIO,11.11111111111111
CALLE DE ANA DE AUSTRIA,6.944444444444445
CALLE DE ANA TERESA,5.555555555555555
CALLE DE LOS ANDALUCES,11.11111111111111
AVENIDA DE ANDALUCIA,12.626262626262626
CALLE DE ANGEL DE DIEGO ROLDAN,5.555555555555555
CALLE DE ANGEL LUIS DE LA HERRAN,5.555555555555555
CALLE DE ANGEL MUGICA,5.555555555555555
CALLE DE ANGEL RIPOLL,5.555555555555555
CALLE DE ANICETO MARINAS,6.944444444444445
CALLE DEL ANIS,5.555555555555555
CALLE DE ANOETA,8.333333333333334
CALLE DE ANTEQUERA,11.11111111111111
CALLE DE ANTONIO CAVERO,5.555555555555555
CALLE DE ANTONIO CUMELLA,5.555555555555555
CALLE DE ANTONIO DE CABEZON,7.242063492063491
CALLE DE ANTONIO DE LEYVA,8.853046594982079
CALLE DE ANTONIO GADES,7.87037037037037
CALLE DE ANTONIO GONZALEZ ECHARTE,8.333333333333334
CALLE DE ANTONIO LOPEZ AGUADO,5.555555555555555
CALLE DE ANTONIO LOPEZ,10.94476130122518
CALLE DE ANTONIO MACHADO,9.722222222222221
CALLE DE ANTONIO SANFIZ,8.333333333333334
CALLE DE LOS APAREJADORES,5.555555555555555
CALLE DE ARA,11.11111111111111
AVENIDA DE ARAGON,13.88888888888889
CALLE DE LOS ARAGONESES,11.11111111111111
CALLE DE ARAMA,11.11111111111111
CALLE DE ARANZUEQUE,5.555555555555555
CALLE DE ARAVACA,8.333333333333334
CALLE DE LA ARBOLEDA,7.407407407407407
AVENIDA DE ARCENTALES,13.14102564102564
AVENIDA DE LOS ARCES,13.88888888888889
CALLE DE ARCHIDONA,11.11111111111111
CALLE DE ARCOS DE JALON,5.555555555555555
CALLE DE ARECHAVALETA,8.333333333333334
TRAVESIA DE ARECHAVALETA,11.11111111111111
CALLE DE AREQUIPA,10.714285714285714
CALLE DE ARGANDA,5.555555555555555
CALLE DE ARGENTA,5.555555555555555
CALLE DE ARGENTINA,5.555555555555555
CALLE DE ARGENTONA,9.232026143790849
CALLE DE ARGUMOSA,5.555555555555555
CALLE DEL ARLANZA,11.11111111111111
CALLE DE ARMENTEROS,5.555555555555555
CALLE DEL ARO,5.555555555555555
AVENIDA DE LOS ARQUEROS,6.25
CALLE DEL ARQUITECTO LOPEZ OTERO,11.11111111111111
CALLE DEL ARQUITECTO SÁNCHEZ ARCAS,13.88888888888889
CALLE DE ARRASTARIA,8.333333333333334
CALLE DE ARREGUI Y ARUEJ,5.555555555555555
CALLE DE ARRIAGA,5.555555555555555
CALLE DEL ARROYO DE LA BULERA,8.333333333333334
CALLE DEL ARROYO DE LA MEDIA LEGUA,13.88888888888889
CALLE DEL ARROYO DE LAS PAVAS,5.555555555555555
CALLE DEL ARROYO DE POZUELO,8.937198067632849
CALLE DEL ARROYO DEL MONTE,12.5
CALLE DEL ARROYO DEL OLIVAR,5.555555555555555
AVENIDA DEL ARROYO DEL SANTO,13.88888888888889
CALLE DEL ARROYO FONTARRON,11.11111111111111
CALLE DE ARROYOFRESNO,5.555555555555555
CALLE DEL ARTE FIGURATIVO,8.333333333333334
CALLE DEL ARTE MINIMAL,11.11111111111111
CALLE DEL ARTE,5.555555555555555
CALLE DE ARTURO SORIA,13.271604938271604
CALLE DEL ARZOBISPO MORCILLO,6.388888888888888
CALLE DE LOS ASTROS,11.11111111111111
CALLE DE LOS ASTURIANOS,8.333333333333334
AVENIDA DE LA AURORA BOREAL,5.555555555555555
CALLE DEL AVE DEL PARAISO,8.333333333333334
CALLE DE LA AVENA,8.333333333333334
AVENIDA DE LA AVIACION,11.11111111111111
CALLE DE LA AVICULTURA,5.555555555555555
CALLE DE AYACUCHO,5.555555555555555
CALLE DE AYLLON,20.833333333333332
CALLE DEL AZAFRAN,5.555555555555555
AVENIDA DE LAS AZALEAS,7.599033816425121
CALLE DE AZCOITIA,5.555555555555555
CALLE DE LAS AZUCENAS,7.939322301024429
CALLE AZUL,8.333333333333334
PASEO AZUL,5.555555555555555
CALLE DE AÑASTRO,5.555555555555555
CALLE DE BABILONIA,5.555555555555555
CALLE DE BADALONA,5.555555555555555
CALLE DE LA BAHIA DE CADIZ,5.555555555555555
CALLE DE LA BAHIA DE MALAGA,5.555555555555556
CALLE DEL BAMBU,8.333333333333334
CALLE DEL BARCO,5.555555555555555
CALLE DE BARRENCALLE,5.555555555555555
CAMINO DEL BARRIAL,8.950617283950617
CALLE DE BARRILERO,5.555555555555555
CARRETERA DEL BARRIO DE LA FORTUNA,5.555555555555555
CALLE DE LOS BARROS,5.555555555555555
AVENIDA DE BAVIERA,10.185185185185185
CALLE DE BEATRIZ DE BOBADILLA,8.333333333333334
CALLE DE BELFAST,8.333333333333334
CALLE DE LA BELLADONA,5.555555555555555
CALLE DE BELLATRIX,8.333333333333334
CALLE DE BELZUNEGUI,8.333333333333334
CALLE DE BENIFERRI,8.333333333333334
CALLE DE BENIMAMET,8.796296296296296
CALLE DE BENITA LOPEZ,13.88888888888889
CALLE DE BENITO GUTIERREZ,8.333333333333334
CALLE DE BENITO VALDERAS,8.333333333333334
CALLE DE BENJAMIN PALENCIA,6.944444444444445
CALLE DEL BERGANTIN,5.555555555555555
CALLE DE BERMEO,8.333333333333332
CALLE DE BERNARDINO DE PANTORBA,8.333333333333334
CALLE DEL BERROCAL,5.555555555555555
CALLE DE BESOLLA,5.555555555555555
AVENIDA DE BETANZOS,8.333333333333334
CALLE DE BIGASTRO,5.555555555555555
CALLE DEL BISMUTO,8.333333333333334
CALLE DE LA BISUTERIA,5.555555555555555
CALLE DE BLAS CABRERA,5.753968253968254
AVENIDA DE BLAS DE LEZO,6.944444444444445
CALLE DE BLASA PEREZ,5.555555555555555
CALLE DE BOADA,11.11111111111111
CALLE DE BOSTON,6.944444444444445
CALLE DEL BOTANICO MUTIS,6.944444444444445
CALLE DEL BOTIJO,5.555555555555555
CALLE DE BOYER,11.11111111111111
CALLE DE BRAILLE,5.555555555555555
AVENIDA DE BRASILIA,11.640211640211641
CALLE DE BRESCIA,5.555555555555555
CALLE DEL BRONCE,5.555555555555555
CALLE DE BRUNO ABUNDEZ,11.11111111111111
AVENIDA DE BUENOS AIRES,7.07070707070707
CALLE DE LA BUGANVILLA,11.11111111111111
AVENIDA DE BURGOS,11.728395061728394
CALLE DE BURJASOT,11.11111111111111
CALLE DE BUSTAMANTE,11.11111111111111
CALLE DEL CABALLERO DEL BOSQUE,13.88888888888889
CALLE DE LA CABELLERA DE BERENICE,13.88888888888889
CALLE DE CABEZA MESADA,5.555555555555555
CALLE DEL CABO DE CREUS,5.555555555555555
CALLE DEL CABO LOPEZ MARTINEZ,14.814814814814813
CALLE DE LA CALANDRIA,5.555555555555555
CALLE DE LA CALDERILLA,8.333333333333334
CALLE DE CALERUEGA,6.795634920634921
CALLE DE LAS CALESAS,11.11111111111111
CALLE DE CAMARENA,7.407407407407407
CALLE DE CAMBORIO,5.555555555555555
AVENIDA DE CAMILO JOSE CELA,11.11111111111111
CALLE DEL CAMINO VIEJO DE LEGANES,6.944444444444445
CALLE DEL CAMINO VIEJO DE VILLAVERDE,11.363636363636363
PASEO DE CAMOENS Y VALERO,7.407407407407407
CALLE DE CAMPEZO,11.11111111111111
PLAZA DEL CAMPILLO DEL MUNDO NUEVO,5.555555555555555
CALLE DE CAMPOTEJAR,8.024691358024691
AVENIDA DEL CAMPUS SUR,8.333333333333334
CALLE DE CANDIDO MATEOS,13.88888888888889
CALLE DE CANDILEJAS,6.400259909031839
AVENIDA DE CANILLEJAS A VICALVARO,12.587661626123163
CALLE DE LA CANOA,16.666666666666668
CALLE DEL CAPITAN BLANCO ARGIBAY,5.555555555555555
CARRETERA DE CARABANCHEL A ARAVACA,13.88888888888889
CARRETERA DE CARABANCHEL A VILLAVERDE,11.11111111111111
CALLE DE LA CARABELA,12.5
CALLE DE CARAMUEL,11.11111111111111
CALLE DE CARCASTILLO,6.944444444444445
AVENIDA DEL CARDENAL HERRERA ORIA,13.87550390526581
CALLE DE CARLOS DABAN,5.555555555555555
CALLE DE CARLOS DUBOIS,11.11111111111111
CALLE DE CARLOS SOLE,7.222222222222222
CALLE DE CARLOS Y GUILLERMO FERNANDEZ SHAW,13.88888888888889
CALLE DE LOS CARMELITAS,13.88888888888889
CALLE DE CAROLI,5.555555555555555
TRAVESIA DE CAROLI,5.555555555555555
AVENIDA DE CARONDELET,5.555555555555555
CALLE DE LA CARPINTERIA,5.555555555555555
CALLE DE CARRERO JUAN RAMON,8.333333333333334
CALLE DEL CARRIL DE LOS CALEROS,5.555555555555555
AVENIDA DE LA CASA QUEMADA,5.555555555555555
CALLE DE CASABLANCA,8.333333333333334
CALLE DE CASALARREINA,8.333333333333334
CALLE DE CASILDEA DE VANDALIA,5.555555555555555
CALLE DEL CASINO,8.333333333333334
PASEO DE LOS CASTAÑOS,5.555555555555555
CALLE DE CASTEJON DE HENARES,8.333333333333334
PASEO DE LA CASTELLANA,12.962962962962962
CALLE DE CASTELLFLORITE,8.333333333333334
CALLE DE CASTIELLO DE JACA,5.555555555555555
PLAZA DE CASTILLA,5.555555555555555
CALLE DEL CASTILLO DE CANDANCHU,5.555555555555555
CALLE DEL CASTILLO DE UCLES,8.024691358024691
CALLE DE CASTROSERNA,8.333333333333334
PLAZA DE CATALUÑA,11.11111111111111
CALLE DEL CATAMARAN,8.333333333333334
CALLE DE LAS CATORCE OLIVAS,8.333333333333334
CALLE DE CAZALEGAS,6.481481481481481
CALLE DE CAZORLA,11.11111111111111
CAMINO DE LA CAÑADA DE LAS CANTERAS,14.814814814814815
CALLE DE LA CAÑADA DEL SANTISIMO,7.777777777777778
CALLE DE CEBREIRO,5.555555555555555
CALLE DE CEBREROS,13.88888888888889
CALLE DE LAS CELINDAS,8.333333333333334
CARRETERA DEL CEMENTERIO NUEVO,11.11111111111111
CALLE DEL CENSO,8.333333333333334
AVENIDA CENTRAL,8.333333333333334
CALLE DE CERCEDA,11.11111111111111
CALLE DE LA CERCETA,5.555555555555555
CALLE DE CERCIS,5.555555555555555
CALLE DE LAS CERILLERAS,8.333333333333334
CALLE DEL CERRO DE ALAMOS BLANCOS,8.333333333333334
CALLE DE CERRO DE ALMODOVAR,7.407407407407407
CALLE DEL CERRO DE LA PLATA,5.555555555555555
CALLE DEL CERRO DE LOS ANGELES,11.11111111111111
CALLE DEL CERRO DEL CASTAÑAR,5.555555555555555
AVENIDA DEL CERRO MILANO,7.487922705314009
CALLE DEL CERRO MINGUETE,8.333333333333334
CALLE DEL CERRO NEGRO,5.555555555555555
CALLE DE CESAR CORT BOTI,8.333333333333334
CALLE DE CESAR PASTOR LLOPIS,8.333333333333334
CALLE DE CESTONA,8.333333333333334
CALLE DE CHANTADA,8.333333333333334
CALLE CHIQUITA,8.333333333333334
PASEO DE LA CHOPERA,10.11111111111111
CALLE DEL CHOPO,5.555555555555555
CALLE DE LAS CINCO LAGUNAS,8.333333333333332
CALLE DE CINCOVILLAS,8.333333333333334
CALLE DEL CINE,5.555555555555555
CALLE DE LOS CIPRESES,8.333333333333334
CALLE DE CIRILO MARTINEZ NOVILLO,5.555555555555555
AVENIDA DE LA CIUDAD DE BARCELONA,5.555555555555555
ESTACION DE METRO CIUDAD DE LOS ANGELES,13.88888888888889
PASEO DE LA CIUDAD DE PLASENCIA,5.555555555555555
CALLE DE LA CIUDAD ENCANTADA,5.555555555555555
CALLE DE LA CIUDADANIA,11.447811447811448
CALLE DE CLARA CAMPOAMOR,5.555555555555555
CALLE DE LAS CLARISAS,8.333333333333334
CALLE DE CLAUDIO FERRERO FERRERO,8.333333333333334
CALLE DEL COCHERON DE LA VILLA,9.25925925925926
CALLE DE COLMENAREJO,5.555555555555555
CALLE DEL COMERCIO,11.11111111111111
AVENIDA COMPLUTENSE,11.11111111111111
AVENIDA DE LAS COMUNIDADES,6.06060606060606
CALLE DEL CONCEJAL FRANCISCO JOSE JIMENEZ MARTIN,6.944444444444445
CALLE DEL CONCEJAL GINES MELENDEZ,5.555555555555555
CALLE DEL CONCEJAL TOMAS SERRANO GUIO,5.555555555555555
CALLE DE CONCEPCION DE LA OLIVA,11.11111111111111
CALLE DEL CONDADO DE TREVIÑO,9.375
PLAZA DEL CONDE DE TORENO,5.555555555555555
CALLE DEL CONGOSTO,9.25925925925926
CALLE DE LAS CONIFERAS,5.555555555555555
AVENIDA DEL CONSEJO DE EUROPA,12.037037037037038
CALLE DEL CONVENIO,9.121355397951143
CALLE DE LA COOPERATIVA ELECTRICA,8.333333333333334
CALLE DE COPERNICO,5.555555555555555
CALLE DE LOS CORACEROS,8.333333333333334
CALLE DE CORDEL DE PAVONES,5.555555555555556
AVENIDA DE CORDOBA,12.698412698412698
CALLE DE CORELLA,5.555555555555555
CALLE DEL CORINDON,11.11111111111111
CALLE DE LA CORONILA,5.555555555555555
CALLE DEL CORREGIDOR DIEGO DE VALDERRABANO,8.333333333333334
CALLE DE LA COSTA BRAVA,6.296296296296297
TRAVESIA DE LA COSTA BRAVA,5.555555555555555
CALLE DE COSTA RICA,13.88888888888889
CALLE DE COVATILLAS,5.555555555555555
CALLE DEL CRISTO DE LA VEGA,11.11111111111111
CALLE DEL CRISTO DE LA VICTORIA,8.333333333333334
CAMINO DE LAS CRUCES,5.555555555555555
CALLE DE LA CRUZ DEL SUR,8.333333333333334
CALLE DE CUART DE POBLET,5.555555555555555
CAMINO DEL CUARTEL,5.555555555555555
CALLE DE CUEVAS DEL VALLE,8.333333333333334
CALLE DE CULLERA,6.944444444444445
CALLE DE DANIEL ZULOAGA,11.11111111111111
CALLE DE DANIEL,8.333333333333334
CALLE DE DARIO APARICIO,6.917211328976035
CALLE DE DARIO GAZAPO,5.555555555555555
AVENIDA DE DAROCA,7.222222222222222
CALLE DEL DATIL,13.88888888888889
CARRETERA DE LA DEHESA DE LA VILLA,13.88888888888889
CALLE DE LA DEHESA VIEJA,10.879629629629628
CALLE DE LAS DELICIAS,11.11111111111111
CALLE DELTA,8.333333333333334
AVENIDA DE LA DEMOCRACIA,7.264957264957265
CALLE DE LOS DIBUJANTES,5.555555555555555
CALLE DE LOS DIPLOMATICOS,8.333333333333334
PASEO DE LA DIRECCION,8.333333333333334
CALLE DEL DIVINO PASTOR,5.555555555555555
CALLE DE LA DOBLA,8.333333333333334
CALLE DEL DOCTOR CARMENA RUIZ,8.333333333333334
CALLE DEL DOCTOR ESQUERDO,11.11111111111111
AVENIDA DEL DOCTOR FEDERICO RUBIO Y GALI,11.11111111111111
CALLE DEL DOCTOR FLEMING,2.7777777777777777
AVENIDA DEL DOCTOR GARCIA TAPIA,5.555555555555555
CALLE DEL DOCTOR GOMEZ ULLA,5.555555555555555
CALLE DEL DOCTOR JUAN JOSE LOPEZ IBOR,5.555555555555555
PLAZA DEL DOCTOR LAGUNA,5.555555555555555
CALLE DEL DOCTOR LOZANO,8.333333333333334
CALLE DEL DOCTOR MATA,5.555555555555555
CALLE DEL DOCTOR RAMON CASTROVIEJO,7.638888888888888
CALLE DEL DOCTOR SANCHIS BANUS,5.555555555555555
CALLE DEL DOCTOR SEVERO OCHOA,5.555555555555555
CALLE DEL DOCTOR TOLOSA LATOUR,6.313131313131313
PLAZA DE DOMINGO MENDIZABAL,5.555555555555555
CALLE DE DOMINGO PARRAGA,7.716049382716049
RONDA DE DON BOSCO,8.333333333333334
CALLE DE DONOSO MONTESINOS,7.407407407407407
CALLE DE DOROTEO BENACHE,13.88888888888889
CALLE DE DOS PROVISIONAL ATAYUELA,8.333333333333334
CALLE DE DULCE CHACON,7.098765432098766
CALLE DEL DULCE,8.333333333333334
CALLE DEL DUQUE DE TAMAMES,5.555555555555555
CALLE DEL DURAZNO,5.555555555555555
CALLE DEL EBANO,11.11111111111111
CALLE DE EDUARDO BARREIROS,7.051282051282051
CALLE DE EDUARDO MARISTANY,13.88888888888889
CALLE DE EDUARDO ROJO,5.555555555555555
CALLE DE EFIGENIA,5.555555555555555
CALLE DE EIBAR,5.555555555555555
CALLE EJE 1-8,13.88888888888889
CALLE DE EL ALGABEÑO,9.722222222222221
CALLE DE EL BOSCO,10.185185185185185
CALLE DE EL ESPINAR,5.555555555555555
AVENIDA DE EL FERROL,7.222222222222222
CALLE DE EL HUESPED DEL SEVILLANO,8.333333333333334
CARRETERA EL PARDO A COLMENAR VIEJO,10.416666666666666
CARRETERA EL PARDO A FUENCARRAL,14.285714285714286
CARRETERA DE EL PARDO,14.444444444444445
PASEO DE EL PARDO,8.928571428571427
CALLE DE EL SITIO DE BALER,8.333333333333334
CALLE DE EL SOTO,5.555555555555555
CALLE DE EL TOBOSO,5.555555555555555
CALLE DE ELVIRA BARRIOS,5.555555555555555
CALLE DE EMBAJADORES,10.380116959064328
CALLE DEL EMBALSE DE LA JAROSA,5.555555555555555
CALLE DEL EMBALSE DE NAVACERRADA,8.333333333333334
PASEO DEL EMBARCADERO,6.746031746031745
CALLE DE EMERENCIANA ZURILLA,13.88888888888889
CALLE DE LOS EMIGRANTES,11.11111111111111
CALLE DE ENCARNACION OVIOL,8.333333333333334
CALLE DE LA ENCOMIENDA DE PALACIOS,5.555555555555555
CALLE DE LAS ENDRINAS,8.333333333333334
CALLE DE ENRIQUE D'ALMONTE,5.555555555555555
PLAZA DE ENRIQUE DE MESA,5.555555555555555
CALLE DE ENRIQUE GARCIA ALVAREZ,5.555555555555555
AVENIDA DEL ENSANCHE DE VALLECAS,7.638888888888888
POLIGONO ENSANCHE DE VALLECAS,11.11111111111111
AVENIDA ENTREVIAS,9.25925925925926
CALLE DE ERCILLA,5.555555555555555
PASEO DE LA ERMITA DEL SANTO,11.11111111111111
PASEO DE LA ERMITA,11.11111111111111
CALLE DE ESCALONA,11.11111111111111
CALLE DEL ESCULTOR PERESEJO,5.555555555555555
CALLE DE LOS ESCULTORES,5.555555555555555
CAMINO DEL ESPINILLO,16.16161616161616
CALLE DE LA ESPUELA,13.88888888888889
CARRETERA A LA ESTACION DE HORTALEZA,11.11111111111111
AVENIDA DE LA ESTACION,5.555555555555555
CALLE DE LA ESTAFETA,11.11111111111111
CALLE DEL ESTAÑO,11.11111111111111
CALLE DE ESTEBAN CARROS,5.555555555555555
CALLE DE LA ESTEFANITA,5.982905982905983
CALLE DE ESTOCOLMO,9.25925925925926
CALLE DE LA ESTRELLA POLAR,11.11111111111111
CALLE DEL ESTRONCIO,13.88888888888889
CALLE DE EUGENIA DE MONTIJO,9.722222222222221
AVENIDA DEL EURO,6.944444444444445
AVENIDA DE EUROPA,10.802469135802468
CALLE DE EUTERPE,5.555555555555555
CALLE DE LOS EVANGELIOS,9.722222222222221
PASEO DE EXTREMADURA,11.756618195376586
CALLE DE FEDERICO MOMPOU,13.88888888888889
AVENIDA DE LA FELICIDAD,11.11111111111111
CALLE DE FELIX CANDELA,8.333333333333334
CALLE DE FELIX RODRIGUEZ DE LA FUENTE,6.25
CALLE DE LA FERIA,5.555555555555555
CALLE DEL FERIAL,5.555555555555555
CALLE DE FERNAN NUÑEZ,5.555555555555555
CALLE DE FERNANDEZ CARO,5.555555555555555
CALLE DE FERNANDO DELGADO,5.555555555555555
CALLE DE FERNANDO GABRIEL,5.555555555555555
CALLE DE FERNANDO HIGUERAS,8.333333333333334
CALLE DE FERNANDO LAZARO CARRETER,5.555555555555555
CALLE DE FERNANDO VII,5.555555555555555
CALLE DE FERRAZ,11.11111111111111
PASEO DE LOS FERROVIARIOS,9.722222222222221
AVENIDA DE FILIPINAS,13.88888888888889
CALLE DE FINA DE CALDERON,6.944444444444445
CALLE DE FINISTERRE,5.555555555555555
CALLE DE FITERO,8.333333333333334
RONDA DE LAS FLORES,5.555555555555556
PASEO DE LA FLORIDA,8.095238095238095
CALLE DE LA FLUORITA,11.11111111111111
CALLE DE FORNILLOS,5.555555555555555
CALLE DE LA FRAGATA,8.333333333333334
CALLE DE FRANCISCO ALVAREZ,9.722222222222221
PLAZA DE FRANCISCO DE ASIS CABRERO,8.333333333333334
CALLE DE FRANCISCO DE DIEGO,8.333333333333334
AVENIDA DE FRANCISCO JAVIER SAÉNZ DE OIZA,11.324786324786324
CALLE DE FRANCISCO LARGO CABALLERO,13.88888888888889
AVENIDA DE FRANCISCO PI Y MARGALL,11.11111111111111
CALLE DE FRANCISCO SILVELA,11.11111111111111
CALLE DE FRANCISCO UMBRAL,10.416666666666666
CALLE DEL FRANCOLIN,8.333333333333334
CALLE DE FRAY JOSE CERDEIRIÑA,5.555555555555555
CALLE DE FROMISTA,5.555555555555555
CALLE DE FUENCALIENTE,8.333333333333334
CARRETERA DE FUENCARRAL A ALCOBENDAS,13.88888888888889
CALLE DE LA FUENTE CARRANTONA,13.88888888888889
CAMINO DE LA FUENTE DE ARRIBA,5.555555555555555
CAMINO DE LA FUENTE DE LA MORA,5.555555555555555
CALLE DE LA FUENTE DE LIMA,5.555555555555555
CALLE DE FUENTE DE PIEDRA,11.11111111111111
CALLE DE LA FUENTE DE SAN PEDRO,5.555555555555555
CALLE DE LA FUENTE DEL MOLINO,8.333333333333334
CALLE DE LA FUENTE DEL PAVO,5.555555555555555
CALLE DE LA FUENTE DEL PERAL,11.11111111111111
CAMINO DE LA FUENTE DEL PIEJO,15.277777777777777
CALLE DE LA FUENTE DEL REY,9.973404255319148
CALLE DE LA FUENTE DEL ROMERO,13.88888888888889
CALLE DE LA FUENTE DEL TIRO,5.555555555555555
CALLE DE FUENTELAHIGUERA,16.666666666666668
AVENIDA DE FUENTELARREYNA,8.333333333333334
CALLE DE FUENTELENCINA,11.11111111111111
CALLE DE FUENTENEBRO,5.555555555555555
CALLE DE LAS FUENTES DE SAN JORGE,5.555555555555555
CALLE DE FUENTESPINA,5.555555555555555
AVENIDA DE LAS FUERZAS ARMADAS,8.918128654970761
CALLE DE GABRIELA MISTRAL,13.88888888888889
CALLE DE GAINZA,7.222222222222222
CUESTA DEL GALBAN,5.555555555555555
CALLE DEL GALEON,14.444444444444445
CALLE DE GALLUR,11.11111111111111
CALLE DE GANDHI,5.555555555555555
CALLE DE GANIMEDES,5.555555555555555
CALLE DE GARCIA MOLINAS,2.7777777777777777
CALLE DE LA GARZA,5.555555555555555
CALLE DEL GASOMETRO,8.333333333333334
CALLE DE LA GAVIOTA,5.555555555555555
CALLE DEL GENERAL ARANAZ,5.555555555555555
CALLE DEL GENERAL LACY,11.11111111111111
CALLE DEL GENERAL MARVA,8.333333333333334
CALLE DEL GENERAL MILLAN ASTRAY,5.555555555555555
CALLE DE GERARDO CORDON,5.555555555555555
CALLE DE GERARDO DIEGO,5.555555555555555
PASEO DE LOS GIGANTES Y CABEZUDOS,11.603721948549532
CALLE DE GINZO DE LIMIA,9.753787878787879
CALLE DE GLORIA FUERTES,5.555555555555555
AVENIDA DE LAS GLORIETAS,5.555555555555555
CALLE DE GOBELAS,5.555555555555555
PLAZA DE LA GOLETA,5.555555555555555
CALLE GOLF,13.88888888888889
CALLE DEL GOLFO DE SALONICA,11.11111111111111
CALLE DE LA GOLONDRINA,6.944444444444445
CALLE DE GOMEZ DE ARTECHE,8.333333333333334
CALLE DE GONZALEZ DAVILA,13.88888888888889
CALLE DEL GORDOLOBO,5.555555555555555
CALLE DE GOTARRENDURA,13.88888888888889
CALLE DEL GRAN PODER,11.11111111111111
AVENIDA DE LA GRAN VIA DE VILLAVERDE,10.555555555555555
AVENIDA DE LA GRAN VIA DEL ESTE,6.944444444444445
AVENIDA DE LA GRAN VIA DEL SURESTE,8.73015873015873
CALLE DE LOS GRANADEROS,5.555555555555555
PLAZA DE GRECIA,5.555555555555555
CALLE DE GREGORIO BENITEZ,7.638888888888888
AVENIDA DE GREGORIO DEL AMO,10.185185185185187
AVENIDA DE GUADALAJARA,13.88888888888889
CALLE DEL GUADALETE,5.555555555555555
CALLE DEL GUADIANA,5.555555555555555
AVENIDA DE LA GUARDIA,10.754985754985753
CALLE DE GUECHO,5.555555555555555
CALLE DE GUETARIA,8.333333333333334
CALLE DE GUILLERMO DE OSMA,8.333333333333334
CALLE DE GUISANDO,5.555555555555555
AVENIDA DE GUMERSINDO LLORENTE,13.88888888888889
CALLE DE GUSTAVO PEREZ PUIG,8.333333333333334
CALLE DE GUTENBERG,5.555555555555555
CALLE DE GUTIERREZ CANALES,11.11111111111111
CALLE DE LA HACIENDA DE PAVONES,7.407407407407407
CALLE DE HELENA DE TROYA,5.555555555555555
AVENIDA DE HELLIN,5.555555555555555
CALLE DE HERCE,8.333333333333334
CALLE DE LA HERMANDAD DE DONANTES DE SANGRE,7.5396825396825395
CALLE DE LOS HERMANOS GARCIA NOBLEJAS,13.88888888888889
CALLE DE HERNANDEZ MAS,8.333333333333334
CALLE DE LA HERRERIA,5.555555555555555
CALLE DE LA HIEDRA,10.618085618085617
CALLE DE LA HIERBABUENA,5.555555555555555
CALLE DE HILARIO HERRANZ ESTABLOS,8.333333333333334
CALLE DEL HINOJO,5.555555555555555
AVENIDA DE LA HISPANIDAD,8.333333333333334
CALLE DE HONDURAS,8.333333333333334
CALLE DE HONRUBIA,8.333333333333334
CALLE DE HORCHE,8.333333333333334
CAMINO DE LAS HORMIGUERAS,9.134615384615385
CALLE DE HOYOS DEL ESPINO,8.333333333333334
CALLE DE HUELVA,5.555555555555555
CAMINO DE LA HUERTA,5.555555555555555
CALLE DE HUMANES,11.11111111111111
CALLE DE HUMERA,11.11111111111111
CARRETERA DE HUMERA,5.555555555555555
PASEO DE LOS HUSARES,6.944444444444445
CALLE DE IBIZA,8.333333333333332
CALLE DE IGNACIO SANCHEZ MEJIAS,16.666666666666668
CALLE DE ILDEFONSO GONZALEZ VALENCIA,5.555555555555555
CALLE DE ILLESCAS,11.11111111111111
AVENIDA DE LA ILUSTRACION,5.555555555555555
BULEVAR DE INDALECIO PRIETO,8.333333333333334
CALLE DE LA INFANTA CATALINA MICAELA,5.555555555555555
PASEO DE LA INFANTA ISABEL,13.88888888888889
CALLE DE LA INFANTA MERCEDES,5.555555555555555
CALLE DEL INGENIERO TORRES QUEVEDO,11.11111111111111
AVENIDA DEL INVIERNO,10.416666666666666
CALLE DE IRUN,8.333333333333334
CALLE DE ISABEL CLARA EUGENIA,11.11111111111111
CALLE DE ISABEL COLBRAND,13.88888888888889
CALLE DE LA ISLA DE TAGOMAGO,5.555555555555555
CALLE DE LA ISLA MALAITA,8.333333333333334
CALLE DE LAS ISLAS DE CABO VERDE,5.555555555555555
CALLE DE LAS ISLAS,5.555555555555556
CALLE DEL JACOBEO,8.333333333333334
CALLE DE LA JACOBINIA,9.722222222222221
CALLE DE LOS JARAMAGOS,5.555555555555555
CALLE DE LA JARILLA,13.88888888888889
CALLE DEL JARRO,5.555555555555555
CALLE DE JATIVA,5.555555555555555
CALLE DE JAVIER DE MIGUEL,9.450323339212229
CALLE DE JESUS MAESTRO,5.555555555555555
CALLE DE JOAQUIN JORGE ALARCON,5.555555555555555
CALLE DE JOAQUIN LORENZO,11.11111111111111
CALLE DE JORDI SOLE TURA,8.333333333333334
CALLE DE JOSE ANTONIO CODERCH,8.333333333333334
AVENIDA DE JOSE ANTONIO CORRALES,8.333333333333334
CALLE DE JOSE ANTONIO FERNANDEZ ORDOÑEZ,8.333333333333334
CALLE DE JOSE ANTONIO NOVAIS,7.222222222222222
CALLE DE JOSE BASTOS,8.333333333333334
CALLE DE JOSE BERGAMIN,5.555555555555555
CALLE DE JOSE DE CADALSO,5.555555555555555
CALLE DE JOSE GUTIERREZ MAROTO,8.796296296296296
CALLE DE JOSE MARIA SANCHEZ SILVA,11.11111111111111
CALLE DE JOSE MARÍA LOZANO SAINZ,11.11111111111111
CALLE DE JOSE ORTEGA Y GASSET,5.555555555555555
CALLE DE JOSE PAULETE,6.349206349206349
CALLE DE JOSE PEREZ,8.333333333333334
BULEVAR DE JOSE PRAT,6.666666666666666
CALLE DE JOSEFA VALCARCEL,7.936507936507937
CALLE DE JOSEFINA ALDECOA,8.333333333333334
CALLE DE LA JOYERIA,5.555555555555555
CALLE DE JUAN ANTONIO BARDEM,8.333333333333334
AVENIDA DE JUAN ANTONIO SAMARANCH,6.944444444444445
PASEO DE JUAN ANTONIO VALLEJO-NÁJERA BOTAS,8.333333333333334
AVENIDA DE JUAN DE HERRERA,13.88888888888889
CALLE DE JUAN DE MARIANA,11.11111111111111
CALLE DE JUAN DE URBIETA,5.555555555555555
CALLE DE JUAN ESPLANDIU,5.555555555555555
CALLE DE JUAN IGNACIO LUCA DE TENA,11.11111111111111
CALLE DE JUAN MIEG,5.555555555555555
CALLE DE JUAN MONTALVO,8.333333333333334
CALLE DE JUAN PEREZ ZUÑIGA,8.333333333333334
CALLE DE JUAN PEÑALVER,11.11111111111111
CALLE DE JUAN RIZI,9.722222222222221
CALLE DE JUAN RON,11.11111111111111
CALLE DE LOS JUGLARES,5.555555555555555
CALLE DE JULIA GARCIA BOUTAN,6.481481481481481
CALLE DE JULIAN HERNANDEZ,5.555555555555555
CALLE DE JUPITER,5.555555555555555
CALLE DE LA CANCION DEL OLVIDO,8.333333333333334
CALLE DE LA CENICIENTA,5.555555555555555
CALLE DE LA CORTE DE FARAON,5.555555555555555
CALLE DE LA DEL MANOJO DE ROSAS,7.026836158192089
CALLE DE LA DEL SOTO DEL PARRAL,5.555555555555555
CALLE DE LA DILIGENCIA,5.555555555555555
CALLE DE LA ESPAÑOLA,5.555555555555555
AVENIDA DE LA GAVIA,8.333333333333334
CALLE DE LA GRANJA DE SAN ILDEFONSO,7.435254803675856
CALLE DE LA ILIADA,11.11111111111111
CALLE DE LA PINILLA,8.333333333333334
CALLE DE LA PUEBLANUEVA,8.333333333333334
CALLE DE LA RIOJA,5.555555555555555
CALLE DE LA SALLE,5.555555555555555
AVENIDA DE LA VERBENA DE LA PALOMA,8.333333333333334
AVENIDA LABORAL,10.897435897435898
CALLE DE LA LADERA DE LOS ALMENDROS,5.902777777777778
CALLE DE LAGUNA DALGA,13.88888888888889
CALLE DE LAS LAGUNAS DE NEILA,8.333333333333334
CALLE DE LAMIACO,5.555555555555555
PASEO DE LOS LANCEROS,8.333333333333334
CALLE DE LANZAHITA,5.555555555555555
CALLE DE LARDERO,5.555555555555555
AVENIDA DE LAS AGUILAS,7.323232323232323
AVENIDA DE LAS SUERTES,8.547008547008547
CALLE DE LASARTE,5.5555555555555545
CALLE DEL LEBRILLO,5.555555555555555
CALLE DE LOS LENCEROS,5.555555555555555
CALLE DE LAS LENGUAS,8.333333333333334
CALLE DE LEON FELIPE,11.111111111111109
CALLE DE LEONARDO PRIETO CASTRO,6.944444444444443
CALLE DE LOS LEONESES,11.11111111111111
CALLE DE LEONOR GONGORA,5.555555555555555
CALLE DEL LEVANTE,5.555555555555555
CALLE DE LEZO,13.88888888888889
CAMINO DE LA LEÑA,11.11111111111111
CALLE DE LILLO,13.88888888888889
CALLE DE LA LIRA,5.555555555555555
CALLE DE LODOSA,5.555555555555555
AVENIDA DE LOGROÑO,12.313795336787564
CALLE DE LOLA FLORES,11.11111111111111
CALLE DE LA LONJA DE LA SEDA,8.333333333333334
CALLE DE LOPEZ DE ARANDA,8.333333333333334
CALLE DE LOPEZ DE HOYOS,11.11111111111111
CALLE DE LOPEZ GRASS,8.333333333333334
AVENIDA DE LOS ROSALES,11.11111111111111
CALLE DE LOS YEBENES,7.777777777777778
CALLE DE LUCIO DEL VALLE,5.555555555555555
CALLE DE LUIS DE HOYOS SAINZ,5.555555555555555
CALLE DE LUIS DE ZULUETA,5.555555555555555
CALLE DE LUIS LARRAINZA,8.333333333333334
CALLE DE LUIS MARIN,11.11111111111111
CALLE DE LUIS MARTINEZ FEDUCHI,8.333333333333334
CALLE DE LUIS MOYA BLANCO,8.333333333333334
CALLE DE LUIS RUIZ,5.555555555555555
AUTOVIA M-11,11.11111111111111
CARRETERA M-203,14.912280701754385
AUTOVIA M-30,11.11111111111111
AUTOVIA M-40,12.5
AUTOVIA M-45,11.11111111111111
AUTOVIA M-50,8.333333333333334
CARRETERA M-602,11.11111111111111
AVENIDA DE MACHUPICHU,13.88888888888889
CALLE DE LA MADRE CELESTE,5.555555555555555
PLAZA DE LA MADRE MARIA ANA MOGAS,5.555555555555555
CARRETERA DE MADRID A RIVAS JARAMA,13.88888888888889
AVENIDA DE LOS MADROÑOS,5.555555555555555
CALLE DEL MAESTRO ARBOS,8.333333333333334
CALLE DE MAGALLANES,2.7777777777777777
CALLE DE MALMOE,5.555555555555555
CALLE DE LA MANCHA,8.333333333333334
CALLE DE MANCHESTER,5.555555555555555
CALLE DEL MANGANESO,11.11111111111111
AVENIDA DE MANOTERAS,5.555555555555555
CALLE DE MANRESA,5.555555555555555
CALLE DE MANUEL AGUILAR MUÑOZ,5.555555555555555
CALLE DE MANUEL ALONSO,11.11111111111111
CALLE DE MANUEL AZAÑA,8.333333333333334
CALLE DE MANUEL CANO,5.555555555555555
CALLE DE MANUEL GUTIERREZ MELLADO,8.333333333333334
CALLE DE MANUEL MACHADO,11.11111111111111
CALLE DE MANUEL MARIA ARRILLAGA,8.333333333333334
CALLE DE MANUEL MUIÑO ARROYO,12.037037037037038
CALLE DE MANUEL NOYA,5.555555555555555
CALLE DE MANUEL POMBO ANGULO,5.555555555555555
CALLE DE MANUEL URIBE,5.555555555555555
CALLE DE MANUEL VAZQUEZ MONTALBAN,11.11111111111111
AVENIDA DEL MANZANARES,17.59259259259259
CALLE DE MAQUEDA,8.333333333333334
CALLE DE LOS MAQUILEROS,5.555555555555555
CALLE DEL MAR DE LAS ANTILLAS,5.555555555555555
CALLE DE MARAVILLA,5.555555555555555
CALLE DE MARCELINO CASTILLO,5.555555555555555
CALLE DE MARGARITA XIRGU,13.88888888888889
CALLE DE MARIA DE LAS MERCEDES DE BORBON,8.333333333333334
CALLE DE MARIA DE PORTUGAL,6.481481481481481
CALLE DE MARIA DEL CARMEN,13.88888888888889
PASEO DE MARIA DROC,11.11111111111111
CALLE DE MARIA REICHE,8.333333333333334
CALLE DE MARIA SEVILLA DIAGO,5.555555555555555
PASEO DE MARIA TERESA,9.25925925925926
CALLE DE MARIA TUDOR,5.555555555555555
CALLE DE MARIANO MATESANZ,13.88888888888889
CALLE DE MARIANO VELA,8.333333333333334
CALLE DE MARICARA,8.333333333333334
CALLE DEL MARISCAL GUTIERREZ DE OTERO,8.333333333333334
CALLE DE LAS MARISMAS,8.413848631239937
AVENIDA DEL MARQUES DE CORBERA,12.5
CALLE DEL MARQUES DE LOZOYA,7.098765432098765
CALLE DEL MARQUES DE PORTUGALETE,5.555555555555555
CALLE DEL MARQUES DE URQUIJO,2.7777777777777777
CALLE DEL MARQUESADO DE SANTA MARTA,13.88888888888889
CALLE DE MARTINA DIAZ,25.0
CALLE DE MARTINEZ IZQUIERDO,13.88888888888889
CALLE DE MARTINEZ OVIOL,5.555555555555555
AVENIDA DE LOS MARTIRES MARISTAS,5.555555555555555
CALLE DE MARTOS,8.333333333333334
CALLE DE MARUJA GARCIA ROMERO,8.333333333333334
AVENIDA DE MARUJA MALLO,5.555555555555555
CALLE DE LA MASILLA,5.555555555555555
CALLE DE LA MASO,5.555555555555555
CALLE DEL MATADERO DE EL PARDO,16.666666666666668
TRAVESIA DE MATEO,8.333333333333334
CALLE DE MAURICIO LEGENDRE,9.722222222222221
CALLE DEL MAYORAZGO DE DUARTE,11.11111111111111
AVENIDA DEL MAYORAZGO,8.333333333333334
CALLE DE MAZARREDO,5.555555555555555
CALLE DE LAS MEDIDAS,5.555555555555555
CALLE DE MEDINA DE POMAR,5.555555555555555
CARRETERA DEL MEDIODIA,5.555555555555555
AVENIDA DEL MEDITERRANEO,11.11111111111111
CALLE DE LA MEJORANA,8.333333333333334
PASEO DE LOS MELANCOLICOS,11.11111111111111
CALLE DE MELCHOR FERNANDEZ ALMAGRO,8.333333333333334
CALLE DEL MELILOTO,5.555555555555555
CALLE DE MELQUIADES BIENCINTO,13.88888888888889
CALLE DEL MEMBRILLO,5.555555555555555
AVENIDA DE LA MEMORIA,13.095238095238095
CALLE DE MENDEZ ALVARO,7.407407407407407
CALLE DE MENENDEZ PIDAL,2.7777777777777777
CALLE DE MEQUINENZA,13.88888888888889
CALLE DE LAS MERCANCIAS,8.333333333333334
CALLE DE MERIDA,5.555555555555555
CALLE DE MESENA,5.555555555555555
AVENIDA DE MIGUEL DELIBES,5.555555555555555
AVENIDA DE MIGUEL HERNANDEZ,9.126984126984127
CALLE DE MIGUEL RIESCO,13.88888888888889
CALLE DEL MIJO,8.333333333333334
CALLE DE LA MILENRAMA,5.555555555555555
CALLE DE LA MINERIA,5.555555555555555
CALLE DE MINERVA,7.777777777777778
CALLE DEL MINISTRO IBAÑEZ MARTIN,9.722222222222221
CALLE DEL MIRADOR DE LA REINA,8.333333333333334
GLORIETA DEL MIRADOR DEL SUR,11.11111111111111
AVENIDA DE MIRAFLORES,6.738683127572016
CALLE DE MIRUEÑA,5.555555555555555
CALLE DE MOLINA DE SEGURA,5.555555555555555
CALLE DEL MONASTERIO DE ARLANZA,9.722222222222221
AVENIDA DEL MONASTERIO DE EL ESCORIAL,8.333333333333334
CALLE DEL MONASTERIO DE EL PAULAR,5.555555555555555
CALLE DEL MONASTERIO DE GUADALUPE,8.333333333333334
CALLE DEL MONASTERIO DE LAS HUELGAS,6.944444444444445
CALLE DEL MONASTERIO DE OSEIRA,8.333333333333334
AVENIDA DEL MONASTERIO DE SILOS,13.69047619047619
CALLE DE LOS MONASTERIOS DE SUSO Y YUSO,11.11111111111111
CALLE DE MONCADA,12.037037037037038
PLAZA DE LA MONCLOA,8.333333333333334
CALLE DE MONDRAGON,5.555555555555555
AVENIDA DE MONFORTE DE LEMOS,13.66554054054054
CALLE DE MONOCEROS,8.333333333333334
CALLE DE MONOVAR,5.555555555555555
CALLE DE MONSALUPE,13.88888888888889
CALLE DEL MONSEÑOR OSCAR ROMERO,5.555555555555555
AVENIDA DEL MONTE IGUELDO,5.555555555555555
AVENIDA DEL MONTECARMELO,11.11111111111111
CALLE DE MONTEHERMOSO,5.555555555555555
CALLE DE MONTEVERDE,11.11111111111111
CALLE DE LOS MORALES,5.555555555555555
CALLE DE MORALZARZAL,5.555555555555555
AVENIDA DE LAS MORERAS,11.11111111111111
PLAZA DE LAS MORERAS,11.11111111111111
PASEO DE MORET,11.11111111111111
CALLE DE MOTA DEL CUERVO,8.333333333333334
CALLE DE MOTRICO,5.555555555555556
CALLE DE LA MUSICA,5.555555555555555
CALLE DE MUÑICO,6.613756613756614
CALLE DE NANCLARES DE OCA,8.333333333333334
BULEVAR DE LA NATURALEZA,5.555555555555555
CALLE DE NAVALMANZANO,8.333333333333334
CALLE DE NAVALPERAL,10.555555555555555
CALLE DE NAVAS DE ORO,8.333333333333334
CALLE DE NAVASECAS,5.555555555555555
CALLE DE LA NAVEGACION,8.333333333333334
CALLE DE NAVIA,5.555555555555555
AVENIDA DE NAZARET,11.11111111111111
CALLE DE LAS NEBULOSAS,5.555555555555555
CALLE DEL NEVADO DEL CUMBAL,11.11111111111111
CALLE DEL NEVADO DEL RUIZ,9.722222222222221
AVENIDA DE NICETO ALCALA ZAMORA,6.527777777777778
CALLE DE NICOLAS SALMERON,11.11111111111111
CALLE DE NICOLASA GOMEZ,5.555555555555555
CALLE DEL NISCALO,5.555555555555555
AVENIDA DE NIZA,8.901515151515152
PLAZA DEL NIÑO JESUS,11.11111111111111
CALLE DE LA NOPALERA,5.555555555555555
AVENIDA DE NUESTRA SEÑORA DE BEGOÑA,5.555555555555555
AVENIDA DE NUESTRA SEÑORA DE FATIMA,8.333333333333334
CALLE DE NUESTRA SEÑORA DE LAS ANGUSTIAS,5.555555555555555
CALLE DE NUESTRA SEÑORA DE VALVERDE,8.333333333333334
CALLE DE NUESTRA SEÑORA DEL PERPETUO SOCORRO,8.333333333333334
CALLE DE NUESTRA SEÑORA DEL VILLAR,8.333333333333334
CALLE NUEVA DE EL PARDO,11.11111111111111
CALLE DE NUEVA ZELANDA,5.555555555555555
CALLE DE NUMANCIA,8.333333333333334
CALLE DE NURIA,7.570480928689884
CALLE DE NUÑO GOMEZ,11.11111111111111
CALLE DE O'DONNELL,15.123456790123456
CALLE DEL OBENQUE,5.5555555555555545
CALLE DE OBERON,8.333333333333334
CALLE DE OCAÑA,5.555555555555555
CALLE DE OFELIA NIETO,13.88888888888889
CALLE DE LAS OLAS,9.722222222222221
CALLE DEL OLIGISTO,6.481481481481481
PASEO DE LOS OLIVOS,8.333333333333334
PASEO DE LOS OLMOS,5.555555555555555
AVENIDA DE ORCASUR,6.944444444444445
CALLE DEL OREGANO,5.555555555555555
CALLE DE OREJA,8.333333333333334
AVENIDA OROVILLA,9.918630751964084
CALLE DE LA ORZA,5.555555555555555
AVENIDA DE LA OSA MAYOR,5.555555555555555
CALLE DE OSLO,5.555555555555555
CALLE DE PABLO CASALS,6.25
AVENIDA DE PABLO IGLESIAS,11.11111111111111
AVENIDA DE PABLO NERUDA,9.31899641577061
CALLE DE PABLO SARASATE,13.88888888888889
CALLE DEL PADRE CLARET,7.222222222222222
AVENIDA DEL PADRE HUIDOBRO,22.22222222222222
AVENIDA DEL PADRE PIQUER,13.88888888888889
CALLE DE LOS PADRES DOMINICOS,5.555555555555555
CALLE DE PADUL,8.333333333333334
AVENIDA DEL PALACIO,12.222222222222221
CALLE DE PALAS DE REY,5.555555555555555
CALLE DE PALMA DEL RIO,8.333333333333334
CALLE DE LA PALMA,5.555555555555555
AVENIDA DE LAS PALOMERAS,8.333333333333334
CALLE DE PAN Y TOROS,5.555555555555555
CALLE DE PANAMA,2.7777777777777777
CALLE DE LOS PARADORES,5.555555555555555
CALLE DE PAREDES DE NAVA,11.11111111111111
CARRETERA DEL PARQUE DE ATRACCIONES,5.555555555555555
CALLE DEL PARQUE DE LA PALOMA,5.555555555555555
AVENIDA DEL PARQUE DE PALOMERAS BAJAS,6.388888888888888
CALLE DEL PARQUE EUGENIA DE MONTIJO,5.555555555555555
CALLE DEL PARROCO EUSEBIO CUENCA,5.555555555555555
AVENIDA DEL PARTENON,5.555555555555555
CALLE PARTICULAR,5.555555555555555
CALLE DE PASTORA IMPERIO,16.666666666666668
CALLE DE PATERNA,5.555555555555555
CALLE DE LA PATILLA,8.333333333333334
CALLE DEL PATRIMONIO DE LA HUMANIDAD,5.555555555555555
CALLE DEL PAVO REAL,11.11111111111111
CALLE DEL PAYASO FOFO,6.944444444444445
AVENIDA DE LA PAZ,19.444444444444443
CALLE DE LA PAÑERIA,5.555555555555555
CALLE DE PEDRO BOSCH,12.5
CALLE DE PEDRO DE VALDIVIA,5.555555555555555
CALLE DE PEDRO JUSTO DORADO DELLMANS,8.333333333333334
CALLE DE PEDRO LABORDE,5.555555555555555
CALLE DE PEDRO MARTINEZ,5.555555555555555
CALLE DE PEDRO RICO,7.716049382716049
CALLE DE PEGUERINOS,7.638888888888888
CAMINO DE PERALES,7.5396825396825395
CALLE DE PEREZ DE VICTORIA,5.555555555555555
CALLE DEL PERGAMINO,5.5555555555555545
CALLE DE PERIANA,11.11111111111111
AVENIDA DE LA PESETA,8.333333333333334
CALLE DEL PEZ AUSTRAL,5.555555555555555
CALLE DEL PEZ VOLADOR,5.555555555555555
CALLE DE LA PEÑA CERVERA,8.333333333333334
CALLE DE LA PEÑA REDONDA,5.555555555555555
CALLE DE LA PEÑA SIRIO,5.555555555555555
CALLE DE LA PEÑA SORRAPIA,5.555555555555555
CALLE DE PEÑARANDA DE BRACAMONTE,8.333333333333334
PLAZA DE LAS PEÑUELAS,5.555555555555555
AVENIDA DE LAS PICEAS,5.555555555555555
CALLE DEL PICO CLAVERO,5.555555555555555
CALLE DEL PICO OCEJON,9.722222222222221
CALLE DE PIEDRABUENA,8.333333333333334
CALLE DE PIEDRALAVES,5.555555555555555
CALLE DE PILAR DE ZARAGOZA,8.333333333333334
CALLE DEL PILAR,8.333333333333334
CALLE DEL PINAR DE SAN JOSE,5.555555555555555
CALLE DEL PINGÜINO,5.555555555555555
CALLE DE LOS PINILLAS,5.555555555555555
CALLE DE LOS PINOS DE OSUNA,5.555555555555555
CALLE DEL PINTOR ANTONIO SAURA,11.11111111111111
CALLE DEL PINTOR EL GRECO,12.5
CALLE DEL PINTOR IGNACIO DE ZULOAGA,11.11111111111111
PLAZA DEL PINTOR LUCAS,7.407407407407407
CALLE DEL PINTOR MORENO CARBONERO,5.555555555555555
PASEO DEL PINTOR ROSALES,11.11111111111111
CALLE DE PIO BAROJA,7.638888888888888
CALLE DE PIO FELIPE,8.641975308641975
AVENIDA DE PIO XII,12.274453941120607
CALLE DE LA PIROTECNIA,8.73015873015873
CALLE DE PIRRA,5.555555555555555
PASEO DEL PIÑONERO,5.555555555555555
AVENIDA DEL PLANETARIO,12.418300653594772
PASEO PLATA Y CASTAÑAR,7.847222222222221
PASEO DE LOS PLATANOS,5.555555555555555
CALLE DE LA PLAYA DE BARLOVENTO,5.555555555555555
CALLE DE LA PLAYA DE FORMENTOR,5.555555555555555
CALLE DE LA PLAYA DE RIAZOR,10.317460317460318
CALLE DE LA PLAYA DEL SARDINERO,13.88888888888889
CALLE DE LA PLEAMAR,5.555555555555555
CALLE DE POBLA DE SEGUR,8.333333333333334
AVENIDA DE LOS POBLADOS,12.903225806451612
CALLE DE POBLADURA DEL VALLE,8.333333333333334
CALLE DEL POETA BLAS DE OTERO,8.333333333333334
CALLE DE LOS POETAS,5.555555555555555
PASEO DEL POLIDEPORTIVO,5.555555555555555
AVENIDA DE LA POLITECNICA,8.333333333333334
CALLE DE PONIENTE,5.5555555555555545
PASEO DE PONTONES,11.11111111111111
CALLE DE PONZANO,8.333333333333334
CALLE DE PORTOMARIN,5.555555555555555
AVENIDA DE PORTUGAL,9.722222222222221
CALLE DE POTES,9.722222222222221
CALLE DE POZA DE LA SAL,8.024691358024691
CAMINO DEL POZO DEL TIO RAIMUNDO,8.174603174603174
CALLE DE PRADALES,8.333333333333334
PUENTE DE PRAGA,13.88888888888889
CALLE DE LA PRINCESA DE EBOLI,9.788150492264416
AVENIDA DE LA PRINCESA JUANA DE AUSTRIA,13.88888888888889
CALLE PRINCIPAL DE PROVINCIAS,5.555555555555555
AVENIDA PRINCIPAL,5.555555555555555
CALLE DEL PRINCIPE DE VIANA,8.333333333333334
CAMINO DEL PRINCIPE,9.25925925925926
CALLE DE PROVISIONAL ATAYUELA CINCO,8.333333333333334
CALLE PROVISIONAL IVECO-PEGASO CUATRO,13.88888888888889
CALLE PROVISIONAL IVECO-PEGASO DOS,13.88888888888889
CALLE PROVISIONAL IVECO-PEGASO UNO,13.88888888888889
CALLE DE PUEBLA DE SANABRIA,8.950617283950617
CALLE DE PUENTEDEY,5.555555555555555
CALLE DE PUENTELARRA,6.702898550724638
AVENIDA DE LA PUERTA DE HIERRO,20.033670033670035
PASEO DE LA PUERTA DEL ANGEL,5.555555555555555
CALLE DEL PUERTO DE BALBARAN,8.88888888888889
CALLE DEL PUERTO DE BEJAR,5.555555555555555
CALLE DEL PUERTO DE CORLITE,11.11111111111111
CALLE DEL PUERTO DE LA CRUZ VERDE,8.333333333333334
CALLE DEL PUERTO DE PORZUNA,8.333333333333334
CALLE DEL PUERTO DEL BRUCH,8.333333333333334
CALLE DE PUERTO RICO,5.555555555555555
AVENIDA DE RAFAEL ALBERTI,11.11111111111111
CALLE DE RAFAEL BOTI,9.02777777777778
CALLE DE RAFAEL DE LEON,8.333333333333334
CALLE DE RAFAEL FERNANDEZ HIJICOS,10.802469135802468
CALLE DE RAFAEL FINAT,5.555555555555555
CALLE DE RAFAEL VILLA,9.722222222222221
CALLE DE RAFAELA APARICIO,5.555555555555555
AVENIDA DE RAFAELA YBARRA,11.11111111111111
CALLE DE RAIMUNDO FERNANDEZ VILLAVERDE,13.88888888888889
CALLE DE LA RAMBLA,8.333333333333334
CALLE DE RAMIREZ DE PRADO,9.722222222222221
CALLE DE RAMIRO DE MAEZTU,11.11111111111111
CALLE DE RAMON FORT,5.555555555555555
CALLE DE RAMON GOMEZ DE LA SERNA,5.555555555555555
CALLE DE RAMON PEREZ DE AYALA,7.875816993464052
CALLE DE LA RAYA,5.555555555555555
CALLE DEL RAYO VALLECANO DE MADRID,8.333333333333334
CALLE REAL DE ARGANDA,9.82905982905983
AVENIDA REAL DE PINTO,8.88888888888889
CAÑADA REAL GALIANA,11.11111111111111
CALLE DEL RECTOR ROYO-VILLANOVA,11.11111111111111
AVENIDA DEL RECUERDO,5.555555555555555
AVENIDA DE LA REINA VICTORIA,13.88888888888889
CALLE DE LAS REJAS,13.88888888888889
CALLE DE REQUENA,8.333333333333334
CALLE DE LA RESINA,13.333333333333332
PASEO DEL REY,8.333333333333334
CALLE DE REYES AIZQUIBEL,8.333333333333334
AVENIDA DE LOS REYES CATOLICOS,13.88888888888889
CALLE DE RIAZA,5.555555555555555
CALLE DE RIAÑO,11.11111111111111
CALLE DE RIBADAVIA,8.333333333333332
CALLE DE LA RIBERA DEL LOIRA,13.88888888888889
CALLE DE LA RIBERA DEL SENA,5.555555555555555
CALLE DE RICARDO BELTRAN Y ROZPIDE,8.43009192065796
CALLE DE RICARDO DAMAS,13.88888888888889
CALLE DE RICARDO GOIZUETA,19.444444444444443
GLORIETA DEL RIO ZANCARA,11.11111111111111
CALLE DE RIOS ROSAS,13.88888888888889
CALLE DE RIVAS,19.444444444444443
CAMINO DEL ROBLEDAL,8.333333333333334
PASEO DEL ROBLEDAL,5.555555555555555
CALLE DE ROCAFORT,11.11111111111111
CARRETERA DE RODAJOS,9.722222222222221
CALLE DEL RODIO,5.555555555555555
CALLE DE RODRIGO DE TRIANA,5.555555555555555
CALLE DE ROMEO Y JULIETA,5.555555555555555
CALLE DEL ROMERAL,8.333333333333334
CALLE DE ROMERO ROBLEDO,5.555555555555555
CALLE DEL ROMPEDIZO,5.555555555555555
CALLE DE ROSA LUXEMBURGO,5.555555555555556
CALLE DE ROSALIA DE CASTRO,5.555555555555555
CALLE DE LAS ROSAS DE ARAVACA,5.555555555555555
CALLE DE LA RUEZA,2.7777777777777777
GLORIETA DE RUIZ JIMENEZ,5.555555555555555
PASEO DE RUPERTO CHAPI,5.555555555555555
CALLE DE SABADELL,5.555555555555555
CALLE DE SABINO FERNANDEZ CAMPO,11.11111111111111
TRAVESIA DEL SACRIFICIO,5.555555555555555
CALLE DE SAGASTA,5.555555555555555
CUESTA DEL SAGRADO CORAZON,16.666666666666668
CALLE DEL SAHARA,13.88888888888889
CALLE DE SALINAS DE ROSIO,5.555555555555555
AVENIDA DE SALMEDINA,10.185185185185185
CAMINO DE SALMEDINA,11.11111111111111
CALLE DE SALVADOR DE MADARIAGA,11.11111111111111
CALLE DE SALVADOR MARTINEZ,8.333333333333334
CALLE DE SALVADOR VICENTE MARTIN,5.555555555555555
CALLE DE SAN ANASTASIO,13.88888888888889
CALLE DE SAN AURELIANO,8.333333333333334
CALLE DE SAN BENIGNO,13.88888888888889
CALLE DE SAN BENITO,8.333333333333334
CALLE DE SAN BERNARDO,5.555555555555555
CALLE DE SAN DALMACIO,13.88888888888889
PLAZA DE SAN DIEGO,6.944444444444445
CALLE DE SAN ENRIQUE DE OSSO,5.555555555555555
CALLE DE SAN EUSEBIO,11.11111111111111
CALLE DE SAN FAUSTINO,5.555555555555555
CALLE DE SAN FELIU DE GUIXOLS,8.333333333333334
AVENIDA DE SAN FERMIN,5.555555555555555
CALLE DE SAN FILIBERTO,5.555555555555555
CALLE DE SAN FORTUNATO,5.555555555555555
PASEO DE SAN FRANCISCO DE SALES,8.333333333333334
CALLE DE SAN JENARO,8.333333333333334
CARRERA DE SAN JERONIMO,5.555555555555555
CALLE DE SAN JUAN DE MATA,11.11111111111111
CALLE DE SAN JUAN DE ORTEGA,5.555555555555555
CALLE DE SAN JUSTO,5.555555555555555
AVENIDA DE SAN LUIS,12.25
CALLE DE SAN MACARIO,11.11111111111111
CALLE DE SAN MARIO,5.555555555555555
GLORIETA DE SAN MARTIN DE LA VEGA,13.88888888888889
CALLE DE SAN MARTIN DE PORRES,5.864197530864197
CALLE DE SAN MAXIMO,11.11111111111111
CALLE DE SAN MODESTO,5.555555555555555
CALLE DE SAN NEMESIO,5.555555555555555
CALLE DE SAN QUINTIN,8.333333333333334
CALLE DE SAN RESTITUTO,12.814814814814815
CALLE DE SAN ROBERTO,8.333333333333334
CALLE DE SAN SEVERO,5.555555555555555
CALLE DE SAN TARSICIO,13.88888888888889
CALLE DE SANCHIDRIAN,5.555555555555555
CALLE DE SANGENJO,11.11111111111111
CALLE DEL SANGUIÑO,5.555555555555555
CALLE DE SANTA ADELA,5.555555555555555
CALLE DE SANTA BERNARDITA,5.555555555555555
CALLE DE SANTA CRUZ DE RETAMAR,10.185185185185185
AVENIDA DE SANTA EUGENIA,6.746031746031745
CALLE DE SANTA GENOVEVA,5.555555555555555
CALLE DE SANTA MAGDALENA SOFIA,8.333333333333334
PASEO DE SANTA MARIA DE LA CABEZA,11.222222222222221
CALLE DE SANTA MARIA MICAELA,2.7777777777777777
CALLE DE SANTA PETRONILA,11.11111111111111
CALLE DE SANTA RAFAELA MARIA DEL SAGRADO CORAZON,5.555555555555555
CALLE DE SANTA TECLA,5.555555555555555
CALLE DE SANTANDER,8.333333333333334
CALLE DE SANTIAGO DE COMPOSTELA,13.88888888888889
AVENIDA DEL SANTO ANGEL DE LA GUARDA,5.555555555555555
AVENIDA DE SANTO DOMINGO DE LA CALZADA,11.11111111111111
CALLE DE LA SAUCEDA,7.407407407407407
CALLE DE SAUCEJO,8.333333333333334
CALLE DE SEBASTIAN ELCANO,8.333333333333334
AVENIDA DE SECUNDINO ZUAZO,5.555555555555555
CALLE DE SEGURA,8.333333333333334
CALLE DEL SEIS DE DICIEMBRE,5.555555555555555
CALLE SEIS,5.555555555555555
CALLE DE LA SENDA DEL INFANTE,5.555555555555555
PASEO DE LA SENDA DEL REY,5.555555555555555
AVENIDA DE SENECA,8.333333333333334
CALLE DE LA SEPIOLITA,8.333333333333334
AUTOVIA SEPTIMA,5.555555555555555
AVENIDA SEPTIMA,5.555555555555555
CALLE DE SEPULVEDA,10.925925925925926
CALLE DE SERAFIN RAMIREZ,13.88888888888889
CALLE DE SERRANILLOS DEL VALLE,8.333333333333334
CALLE DE SERRANO ANGUITA,5.555555555555555
CALLE DE SERRANO GALVACHE,12.698412698412698
CALLE DE SESEÑA,8.333333333333334
AVENIDA SEXTA,7.407407407407407
CALLE DE LA SIERRA DE ALMIJARA,8.333333333333334
CALLE DE LA SIERRA DE BOBIA,5.555555555555555
CALLE DE LA SIERRA DE CUERDA LARGA,5.555555555555555
PLAZA DE LA SIERRA DE MAGINA,5.555555555555555
CALLE DE LA SIERRA DE PAJAREJO,13.88888888888889
CALLE DE LA SIERRA DE PALOMERAS,5.555555555555555
CALLE DE LA SIERRA DEL TORCAL,5.555555555555555
CALLE DE LA SIERRA DEL VALLE,8.333333333333334
CALLE DE LA SIERRA GORDA,6.666666666666666
CALLE DE LA SIERRA TOLEDANA,8.333333333333334
CALLE DE LA SIERRA VIEJA,5.555555555555555
CALLE DE LA SILLERIA,5.555555555555555
CALLE DE SILVANO,13.015873015873014
CALLE DE LA SILVINA,11.11111111111111
CALLE DE SINESIO DELGADO,13.392857142857142
GLORIETA DE SINTRA,12.5
CALLE DE SIRIO,8.333333333333334
RONDA DE SOBRADIEL,8.78721859114016
CALLE DE SOCUELLAMOS,5.555555555555555
CALLE DE SOFIA,6.666666666666666
CALLE DE SOLEDAD CAZORLA,8.333333333333334
CALLE DE LA SOLERIA,5.555555555555555
CALLE DE SOMERA,5.555555555555555
CALLE DE SOPELANA,5.555555555555555
CALLE DE SOR ANGELA DE LA CRUZ,13.88888888888889
CALLE DEL SOTILLO,9.722222222222221
CALLE DE SOTO HIDALGO,16.666666666666668
AVENIDA DE STUYCK,5.555555555555555
CALLE DE SUERO DE QUIÑONES,8.333333333333334
RONDA SUR,8.148148148148147
PASEO DE LOS TALLERES,5.555555555555555
CALLE DE TAMPICO,8.211277429046623
CAMINO DE LA TAPIA DE EL PARDO,14.814814814814815
CARRETERA DE LA TAPIA DE LA CASA DE CAMPO,11.11111111111111
CALLE DE LA TAPICERIA,5.555555555555555
CALLE DE LA TAQUIGRAFIA,5.555555555555555
CALLE DE TEBA,11.11111111111111
CALLE DE LOS TEJEDORES,5.555555555555555
CALLE DEL TEJO,9.027777777777777
CARRETERA DEL TELEFERICO,7.638888888888888
CALLE DE TELEMACO,5.555555555555555
CALLE DE LA TERTULIA,13.88888888888889
PASEO DE TIERRA DE MELIDE,6.481481481481481
CALLE DEL TIMON,8.97119341563786
CALLE DE TIMOTEO PEREZ RUBIO,5.555555555555555
CALLE DE LA TINAJA,5.555555555555555
CALLE DE TINEO,8.333333333333334
CALLE DE TOLEDO,8.086917562724013
CALLE DE TOLOSA,6.944444444444445
CALLE DE TOMAS BRETON,5.555555555555555
CALLE DE TOMAS REDONDO,11.11111111111111
CALLE DE TOMAS SANZ,11.11111111111111
CALLE DE TOMELLOSO,8.960573476702509
CAMINO DE LA TORRECILLA,11.11111111111111
CALLE DE TORREJON DE LA CALZADA,11.11111111111111
CALLE DE TORRELAGUNA,11.11111111111111
CALLE DE TORROX,11.11111111111111
CALLE DE TOTANES,11.11111111111111
CALLE TRANSVERSAL SEXTA,5.555555555555555
CALLE DEL TRANVIA DE ARGANDA,5.555555555555555
CALLE DE TREMP,8.333333333333334
CALLE DEL TREN DE ARGANDA,6.111111111111111
RONDA DEL TREN,5.555555555555555
CALLE DE TREVELEZ,8.333333333333334
CALLE DE TRIQUET,13.88888888888889
CALLE DE TUMACO,11.11111111111111
CALLE DE LA TUYA,8.333333333333334
CALLE DE LA UNANIMIDAD,8.333333333333334
CALLE DE URIA,11.11111111111111
CALLE DEL VADO DE SANTIAGO,11.11111111111111
CALLE DE VALCARLOS,5.555555555555555
CALLE DE VALDECANILLAS,5.555555555555555
CAMINO DE VALDECERVERO,16.666666666666668
AVENIDA DE VALDECULEBRAS,9.722222222222221
AVENIDA DE VALDEMARIN,9.527884752531737
CALLE DE VALDERREBOLLO,6.944444444444445
CAMINO DE VALDERRIBAS,6.111111111111111
CALLE DE VALDESQUI,8.333333333333334
CALLE DE VALDETORRES DE JARAMA,11.11111111111111
PASAJE DE VALDILECHA,5.555555555555555
CALLE DE VALENCIA DE DON JUAN,8.333333333333334
CALLE DE LA VALERIANA,13.88888888888889
AVENIDA DE VALLADOLID,5.555555555555555
CALLE DEL VALLE DE MENA,5.555555555555555
CALLE DE VALLE DE ORO,8.333333333333334
CALLE DEL VALLE DE PINARES LLANOS,6.481481481481481
CALLE DE VALLE DE TOBALINA,11.11111111111111
CALLE DE VALLE GUERRA,5.555555555555555
AVENIDA DEL VALLE,5.555555555555556
CALLE DE VALMOJADO,9.722222222222221
CAMINO DE VASARES,11.11111111111111
AVENIDA DEL VEINTICINCO DE SEPTIEMBRE,11.11111111111111
CALLE DEL VELERO,9.722222222222221
CALLE DE VELEZ RUBIO,5.555555555555555
PASEO DE LA VENTA,10.317460317460318
AVENIDA DEL VENTISQUERO DE LA CONDESA,9.5679012345679
CALLE DE VERDE VIENTO,5.916093084234677
CALLE DE VERSALLES,8.333333333333334
CARRETERA DEL VERTEDERO MUNICIPAL VALDEMINGOMEZ,12.739463601532567
CALLE VIA DE DUBLIN,10.317460317460318
CALLE VIA DE LOS POBLADOS,5.555555555555555
CALLE DE LA VIA LACTEA,5.555555555555555
CALLE DE LA VIA LIMITE,5.808080808080808
CALLE VIA LUSITANA,13.88888888888889
CARRETERA DE VICALVARO A COSLADA,11.11111111111111
CARRETERA DE VICALVARO A LA ESTACION DE O'DONNELL,15.277777777777777
CARRETERA DE VICALVARO A RIVAS DEL JARAMA,14.506172839506172
CARRETERA DE VICALVARO A VALLECAS,11.11111111111111
CALLE DE VICALVARO,11.11111111111111
CALLE DE VICENTE BLASCO IBAÑEZ,7.638888888888888
CALLE DE VICENTE DE EUSEBIO,5.555555555555555
CALLE DE VICENTE MORALES,13.88888888888889
CALLE DE VICENTE QUESADA,5.555555555555555
AVENIDA DE LA VICTORIA,11.507936507936508
CALLE DE LA VIDAUBA,6.018518518518519
CAMINO VIEJO DE BARAJAS A VALDECARROS,11.11111111111111
CAMINO VIEJO DE HORTALEZA,6.481481481481481
CAMINO VIEJO DE VICALVARO,5.555555555555555
AVENIDA DE LA VILLA DE VALLECAS,6.944444444444445
CALLE DE VILLABLANCA,7.037037037037036
CALLE DE VILLABONA,11.11111111111111
CALLE DE VILLAESCUSA,5.555555555555555
CALLE DE VILLAFUERTE,8.333333333333334
CALLE DE VILLAJIMENA,5.5555555555555545
CALLE DE VILLALOBOS,9.103313840155945
CALLE DE VILLALONSO,11.11111111111111
CALLE DE VILLAMANIN,8.333333333333334
CALLE DE VILLAMAYOR DE SANTIAGO,8.333333333333334
CALLE DE VILLAR DEL OLMO,5.555555555555555
CALLE DE VILLARTA,11.11111111111111
CARRETERA DE VILLAVERDE A VALLECAS,10.802469135802468
CALLE DE VILLUERCAS,9.722222222222221
CALLE DE LA VIRGEN DE LA OLIVA,5.555555555555555
CALLE DE LA VIRGEN DE LAS VIÑAS,7.638888888888888
CALLE DE LA VIRGEN DE LOS DESAMPARADOS,11.11111111111111
CALLE DE LA VIRGEN DE LOS ROSALES,5.555555555555555
AVENIDA DE LA VIRGEN DEL CARMEN,5.555555555555555
PASEO DE LA VIRGEN DEL PUERTO,10.185185185185185
PLAZA DE LA VIRGEN DEL TRABAJO,5.555555555555555
CALLE DE VITIGUDINO,5.555555555555555
CALLE DEL VIZCONDE DE MATAMALA,8.333333333333334
CALLE DE LAS VIÑAS DE EL PARDO,8.333333333333334
CALLE DE LAS VIÑAS DEL RIO,8.333333333333334
PASEO DE LAS YESERIAS,11.11111111111111
CALLE DE ZABALZA,11.11111111111111
CALLE DE LA ZAIDA,5.555555555555555
CARRETERA DEL ZARZON,7.777777777777778
CAMINO DE LA ZARZUELA,11.11111111111111
CALLE DE ZAZUAR,7.407407407407407
CALLE DEL ZENIT,13.88888888888889
CARRETERA DEL ZOO,8.333333333333334
CALLE DE ZUGAZARTE,5.555555555555555
AVENIDA DE ÁNGEL SANZ BRIZ,5.555555555555555
